url;code;buy_below
https://www.czech-meanwell.cz/meanwell/MDR-20-12-Mean-Well-Napajeci-spinany-zdroj-na-DIN-l-d1480.htm
https://www.czech-meanwell.cz/meanwell/MDR-40-12-Mean-Well-Napajeci-spinany-zdroj-na-DIN-l-d1484.htm
https://www.czech-meanwell.cz/meanwell/MDR-60-24-Mean-Well-Napajeci-spinany-zdroj-na-DIN-l-d1489.htm
https://www.czech-meanwell.cz/meanwell/EDR-75-24-Mean-Well-Zdroj-na-DIN-75W-24V-d3640.htm
https://www.czech-meanwell.cz/meanwell/WDR-120-24-Mean-Well-Zdroj-na-DIN-120W-24V-1-2f-d3176.htm
https://www.czech-meanwell.cz/meanwell/DR-120-12-Mean-Well-Napajeci-spinany-zdroj-na-DIN-l-d244.htm
https://www.czech-meanwell.cz/meanwell/EDR-150-24-Mean-Well-Zdroj-na-DIN-150W-24V-d3645.htm
https://www.czech-meanwell.cz/meanwell/SDR-240-24-Mean-Well-Zdroj-na-DIN-240W-24V-d2531.htm
https://www.czech-meanwell.cz/meanwell/PSC-35A-C-Mean-Well-Sitovy-zdroj-s-funkci-nabijecky-d4983.htm
https://www.czech-meanwell.cz/meanwell/PSC-60A-C-Mean-Well-Sitovy-zdroj-s-funkci-nabijecky-d3310.htm
https://www.czech-meanwell.cz/meanwell/PSC-100B-C-Mean-Well-Sitovy-zdroj-s-funkci-nabijec-d3307.htm
https://www.czech-meanwell.cz/meanwell/PSC-160A-C-Mean-Well-Sitovy-zdroj-s-funkci-nabijecky-d4979.htm
https://www.czech-meanwell.cz/meanwell/SP-150-24-Mean-Well-Spinany-zdroj-uzavreny-150W-24V-d2684.htm
https://www.czech-meanwell.cz/meanwell/LRS-150F-24-Mean-Well-Spinany-zdroj-uzavreny-150W-24V-d3613.htm
https://www.czech-meanwell.cz/meanwell/HDR-30-24-Mean-Well-Zdroj-na-DIN-36W-24V-d5274.htm